{"W8k0hKTN35Ss2gW6cBMP9A==":"stall1-500x309.jpg","NvsqipKfMtfICwOlk5sWPg==":"scale%EF%BC%88%E7%B4%AB%E5%85%89%EF%BC%89-1440x1080.jpg","Xjg2/qhksf3mCMc0sL9QYA==":"scale%EF%BC%88%E7%B4%AB%E5%85%89%EF%BC%89-1440x1080.jpeg","963Rvrp15cC7QHHu3i3qhA==":"scale%EF%BC%88%E7%B4%AB%E5%85%89%EF%BC%89-1440x1080.jpeg","j/GLYE99N4ViEtBuyW1PKg==":"scale%EF%BC%88%E6%AD%A3%E5%B8%B8%EF%BC%89-1426x1080.jpeg","i5mURo2mRSiPQCsOGiNheA==":"scale%EF%BC%88%E5%AE%8C%E7%BE%8E%E5%B9%B3%E8%A1%A1%E8%A1%A8%E8%B1%A1%EF%BC%89-1920x887.jpeg","HLgf1370QVaFMCG7yBGXSA==":"scale%EF%BC%88%E5%8D%B1%E9%99%A9%E7%9A%84%E7%BC%BA%E4%B9%8F%E7%AE%A1%E6%8E%A7%E7%9A%84%E5%AE%9E%E9%99%85%EF%BC%89-1080x606.jpg","0Cu3JWY9Vo0H4Z2sxkdjXQ==":"scale%EF%BC%88%E5%8D%B1%E9%99%A9%E7%9A%84%E7%BC%BA%E4%B9%8F%E7%AE%A1%E6%8E%A7%E7%9A%84%E5%AE%9E%E9%99%85%EF%BC%89-1080x606.jpeg","mE46gtzHewIcoxn1jjhpBQ==":"mbr-122x50.jpg","GTzv65GH0DOAOcOKUziOlA==":"mbr-436x291.jpg","T/3ZzFdnZn1Sva55VbpZGQ==":"m1-676x308.jpg","GhJ5Xnei7+2/FIe/GB8nTA==":"m2-676x1114.jpeg","f4tWFEWAqvojmLpGbwtJcA==":"m3-676x995.jpeg","AC6CiawxN0U9fyk5jW8BWw==":"m4-700x432.jpeg","krgsp/Zy/dN4X9twUQjnOA==":"m5-620x600.jpg","H6QvfVcqyH97JcPadU1d5Q==":"stall1-500x309.jpeg","w0Sxtm4ziZu9NdQ2TLhopg==":"mbr-1014x676.jpeg","ZXX1rvlQxL9JgVr+xanz2Q==":"mbr-1920x1920.jpeg","MxGPcYMf79VhsHZIAw3tUQ==":"%E5%B9%BB%E8%A7%89%E5%88%86%E6%9E%901-1627x914.png","GqCRR9q04lzxugyAOfAh4w==":"mbr-1920x1920.jpg","2WFosk1amDWW5NrcoyhbIA==":"mbr-1920x1357.jpg","I/lJsvU4+JesfHU8kemlMQ==":"mbr-1920x1357.jpeg","ebIcihZ929rG272Mw6kSOg==":"stall1-1-500x309.jpeg","VrGkJAm286UXZmid9ooauQ==":"%E8%AF%95%E9%AA%8C%E6%96%B9%E5%BC%8F1-1832x990.png","49hohmn3ZQB1sdlFOKy/4A==":"%E8%AF%95%E9%AA%8C%E6%96%B9%E5%BC%8F1-1832x990.png","b0hBA4Bl4Ivg/GIFxfrHjA==":"%E8%AF%95%E9%AA%8C%E6%96%B9%E5%BC%8F2-1765x1045.png","VRJyBFhmwl5afhUIJVuhcQ==":"%E8%AF%95%E9%AA%8C%E6%96%B9%E5%BC%8F3-1871x920.png","N+YUrJFsfXPOM2F8UhMg6g==":"%E8%AF%95%E9%AA%8C%E6%96%B9%E5%BC%8F4-1871x920.png","mYZItrfsV+6h7IXayULcoA==":"%E5%B9%BB%E8%A7%892-1549x870.png","L42o2kvgMVt3HDqmatda7g==":"%E5%B9%BB%E8%A7%893-1627x892.png","/1FVJjKAh7y37ApbRVBZ+w==":"%E5%B9%BB%E8%A7%894-1608x861.png","AdLjJkrBBpsyAe0kp7eBgA==":"%E7%BB%93%E8%AE%BA1-1589x866.png","UeDrQVYLTr41ObeerD9utA==":"%E8%87%B4%E8%B0%A2-192x94.png","OuyRq7sVnZj5aoMagLwp2Q==":"%E8%87%B4%E8%B0%A2-192x94.png","TNbKxUpCVZiTsBbWUFj7MA==":"%E8%87%B4%E8%B0%A2-1871x920.png","xhQKe2/VvCzx4kBkH4iOqw==":"%E5%9B%BE%E6%A0%87-320x175.jpg","Ty8q8Jx3WqjpRJjvH9aO0A==":"%E5%BA%95%E9%83%A8-1080x265.jpeg"}